Number,Domain
1,adobe.com
2,alibaba.com
3,aliexpress.com
4,allaboutcookies.org
5,android.com
6,aol.com
7,apa.org
8,apnews.com
9,bandcamp.com
10,bbc.com
11,behance.net
12,bing.com
13,biomedcentral.com
14,bit.ly
15,bloomberg.com
16,bmj.com
17,booking.com
18,businesswire.com
19,buydomains.com
20,buzzfeed.com
21,calendly.com
22,cam.ac.uk
23,cambridge.org
24,canva.com
25,cbsnews.com
26,chatgpt.com
27,cisco.com
28,cloudflare.com
29,cnet.com
30,cnn.com
31,cookiedatabase.org
32,coursera.org
33,cpanel.net
34,dailymail.co.uk
35,dailymotion.com
36,deloitte.com
37,discord.com
38,disqus.com
39,docker.com
40,dribbble.com
41,dropbox.com
42,dw.com
43,ebay.com
44,economist.com
45,elegantthemes.com
46,elsevier.com
47,etsy.com
48,europa.eu
49,eventbrite.com
50,f5.com
51,facebook.com
52,fandom.com
53,fastcompany.com
54,flickr.com
55,forbes.com
56,fortune.com
57,freepik.com
58,ft.com
59,gartner.com
60,giphy.com
61,gitlab.com
62,gizmodo.com
63,globenewswire.com
64,godaddy.com
65,gofundme.com
66,google.com
67,gov.uk
68,gravatar.com
69,healthline.com
70,hp.com
71,huawei.com
72,hubspot.com
73,huffingtonpost.com
74,hugedomains.com
75,ibm.com
76,ieee.org
77,imdb.com
78,imgur.com
79,independent.co.uk
80,instagram.com
81,intel.com
82,intuit.com
83,investopedia.com
84,issuu.com
85,jamanetwork.com
86,jimdo.com
87,jotform.com
88,jstor.org
89,kickstarter.com
90,linkedin.com
91,linktr.ee
92,mailchimp.com
93,marketwatch.com
94,marriott.com
95,mashable.com
96,mayoclinic.org
97,mckinsey.com
98,mdpi.com
99,merriam-webster.com
100,microsoft.com
101,myspace.com
102,mysql.com
103,nationalgeographic.com
104,nature.com
105,nbcnews.com
106,netflix.com
107,newsweek.com
108,newyorker.com
109,npr.org
110,nvidia.com
111,nypost.com
112,nytimes.com
113,office.com
114,openai.com
115,opera.com
116,oracle.com
117,oreilly.com
118,oup.com
119,ovhcloud.com
120,patreon.com
121,paypal.com
122,pewresearch.org
123,pexels.com
124,pixabay.com
125,plesk.com
126,plos.org
127,prnewswire.com
128,psychologytoday.com
129,quora.com
130,reddit.com
131,redhat.com
132,researchgate.net
133,reuters.com
134,sagepub.com
135,salesforce.com
136,samsung.com
137,sciencedaily.com
138,sciencedirect.com
139,sciencemag.org
140,scientificamerican.com
141,scribd.com
142,sedo.com
143,shopify.com
144,skype.com
145,slack.com
146,slideshare.net
147,soundcloud.com
148,sourceforge.net
149,springer.com
150,squarespace.com
151,stackoverflow.com
152,statista.com
153,steampowered.com
154,stripe.com
155,substack.com
156,surveymonkey.com
157,tandfonline.com
158,ted.com
159,telegraph.co.uk
160,tencent.com
161,theatlantic.com
162,theconversation.com
163,theguardian.com
164,thelancet.com
165,themeforest.net
166,themeisle.com
167,theverge.com
168,threads.net
169,tiktok.com
170,time.com
171,tinyurl.com
172,tripadvisor.com
173,trustpilot.com
174,tumblr.com
175,twitch.tv
176,twitter.com
177,typepad.com
178,ubuntu.com
179,ucla.edu
180,unesco.org
181,unsplash.com
182,usatoday.com
183,usnews.com
184,vice.com
185,vimeo.com
186,vox.com
187,washingtonpost.com
188,weebly.com
189,wiley.com
190,wired.com
191,wisc.edu
192,wix.com
193,worldbank.org
194,wpguardian.com
195,wsj.com
196,xing.com
197,yelp.com
198,youtube.com
199,zdnet.com
200,zoom.us
